SER,DATE,SPECIES,SEX,MATURITY,WEIGHT,GRID REF,LOCATION,TIME of DAY,,,,,,,,,
1,08-Apr-23,FALLOW,M,FAWN,,600 393,,,,,,,,,,,
2,08-Apr-23,MUNTJAC,M,BUCK,,601 394,,,,,,,,,,,
3,08-Apr-23,FOX,F,VIXEN,,598 392,,,,,,,,,,,
4,18-Apr-23,FALLOW,M,PRICKET,,608 384,Little hill highseat,,,,,,,,,,
5,19-May-23,FOX,F,VIXEN,,610 380,,,,,,,,,,,
6,19-May-23,MUNTJAC,M,BUCK,,608 382,,,,,,,,,,,
7,01-Jun-23,MUNTJAC,M,BUCK,,601 396,,,,,,,,,,,
8,11-Jun-23,MUNTJAC,M,BUCK,,N/K,,,,,,,,,,,
9,05-Jul-23,ROE,M,6 PT BUCK,,614 391,Highnam Farm,,,,,,,,,,
10,09-Jul-23,MUNTJAC,M,BUCK,,597 396,,,,,,,,,,,
11,21-Jul-23,MUNTJAC,M,BUCK,10,610 387,,,,,,,,,,,
12,22-Jul-23,MUNTJAC,F,DOE,9,600 392,,,,,,,,,,,
13,23-Jul-23,ROE,M,4 PT BUCK,18,608 394,,,,,,,,,,,
14,23-Jul-23,FOX,M,DOG,N/A,614 400,,,,,,,,,,,
15,23-Jul-23,FOX,F,VIXEN,N/A,614 400,,,,,,,,,,,
16,01-Aug-23,FALLOW,M,PRICKET,,610 395,TARRINGTON COMMON,PM,,,,,,,,,
17,02-Aug-23,FALLOW,M,PRICKET,32,610 401,TARRINGTON COMMON,PM,,,,,,,,,
18,02-Aug-23,FALLOW,M,PRICKET,33,610 401,TARRINGTON COMMON,PM,,,,,,,,,
19,04-Aug-23,FALLOW,M,PRICKET,34,608 397,TARRINGTON COMMON,PM,,,,,,,,,
20,05-Aug-23,FALLOW,M,PRICKET,36,613 381,BACKBURY HILL,PM,,,,,,,,,
21,05-Aug-23,FALLOW,M,SORREL,49,613 381,BACKBURY HILL,PM,,,,,,,,,
22,05-Aug-23,FALLOW,M,PRICKET,35,596 387,BACKBURY HILL,PM,,,,,,,,,
23,05-Aug-23,FOX,,,,,BACKBURY HILL,PM,,,,,,,,,
24,06-Aug-23,FALLOW,M,FAWN,22,583 393,DORMINGTON WOODS,AM,,,,,,,,,
,06-Aug-23,MUNTJAC,F,DOE,8,624 364,DEVERAUX PONDS,AM,,,,,,,,,
25,06-Aug-23,MUNTJAC,M,BUCK,8,623 373,DEVERAUX PONDS,AM,,,,,,,,,
26,06-Aug-23,FOX,,,,617 388,HIGHNAM FARM,PM,,,,,,,,,
27,07-Aug-23,FALLOW,F,DOE,35,596 395,COPGROVE FARM,PM,,,,,,,,,
28,08-Aug-23,FALLOW,M,PRICKET,34.5,608 397,TARRINGTON COMMON,PM,,,,,,,,,
29,09-Aug-23,FALLOW,M,PRICKET,25,608 387,PLANTATION,AM,,,,,,,,,
30,15-Aug-23,FOX,,,,607 414,TARRINGTON COMMON,PM,,,,,,,,,
31,17-Aug-23,MUNTJAC,M,BUCK,8,623 382,TARRINGTON COMMON,PM,,,,,,,,,
32,27-Aug-23,ROE,M,6 PT BUCK,19,610 389,SILO,PM,,,,,,,,,
33,31-Aug-23,FALLOW,M,PRICKET,35,619 394,TARRINGTON COMMON,PM,,,,,,,,,
34,01-Sep-23,MUNTJAC,M,BUCK,,624 369,DEVERAUX PONDS,PM,,,,,,,,,
35,01-Sep-23,FALLOW,M,PRICKET,40,619 393,TARRINGTON COMMON,PM,,,,,,,,,
36,01-Sep-23,FOX,,,,618 395,TARRINGTON COMMON,PM,,,,,,,,,
37,05-Sep-23,FALLOW,M,PRICKET,39,618 396,TARRINGTON COMMON,PM,,,,,,,,,
38,05-Sep-23,FALLOW,M,PRICKET,36.5,618 396,TARRINGTON COMMON,PM,,,,,,,,,
39,07-Sep-23,FALLOW,M,PRICKET,37.5,587 392,BACKBURY HILL,PM,,,,,,,,,
40,13-Sep-23,FALLOW,M,PRICKET,37,617 396,TARRINGTON COMMON,PM,,,,,,,,,
41,15-Sep-23,FALLOW,M,FAWN,15,622 372,DEVERAUX PONDS,PM,,,,,,,,,
42,15-Sep-23,FALLOW,M,FAWN,13,615 378,DEVERAUX PONDS,PM,,,,,,,,,
43,16-Sep-23,MUNTJAC,M,BUCK,12,583 391,DORMINGTON WOODS,AM,,,,,,,,,
44,16-Sep-23,FALLOW,F,DOE,N/A,615 395,DEVERAUX PONDS,AM,,,,,,,,,
45,18-Sep-23,MUNTJAC,F,DOE,,592 387,PLANTATION,PM,,,,,,,,,
46,19-Sep-23,FALLOW,M,PRICKET,35,601 390,PLANTATION,PM,,,,,,,,,
47,19-Sep-23,FALLOW,M,SORREL,65,586 389,BACKBURY HILL,PM,,,,,,,,,
48,22-Sep-23,MUNTJAC,M,BUCK,,602 386,PLANTATION,AM,,,,,,,,,
49,24-Sep-23,FALLOW,M,SORREL,55,581 393,BACKBURY HILL,AM,,,,,,,,,
50,24-Sep-23,MUNTJAC,F,DOE,10,582 390,BACKBURY HILL,AM,,,,,,,,,
51,25-Sep-23,FOX,,,,,,PM,,,,,,,,,
52,29-Sep-23,FALLOW,M,PRICKET,36,607 394,SILO,AM,,,,,,,,,
53,30-Sep-23,FALLOW,M,PRICKET,,602 397,SILO,AM,,,,,,,,,
54,01-Oct-23,FALLOW,M,PRICKET,,609 385,Little hill highseat,AM,,,,,,,,,
55,03-Oct-23,MUNTJAC,F,DOE,9,607 413,The Oval farm,PM,,,,,,,,,
56,06-Oct-23,FALLOW,M,SORREL,64,604 414,The Oval farm,PM,,,,,,,,,
57,08-Oct-23,FALLOW,M,PRICKET,40,617 375,DEVERAUX PONDS,AM,,,,,,,,,
58,08-Oct-23,MUNTJAC,F,DOE,6,624 368,DEVERAUX PONDS,AM,,,,,,,,,
59,09-Oct-23,FALLOW,M,PRICKET,,614 377,DEVERAUX PONDS,AM,,,,,,,,,
60,09-Oct-23,FALLOW,M,SORREL,,615 376,DEVERAUX PONDS,PM,,,,,,,,,
61,13-Oct-23,FALLOW,M,SORE BUCK,52,603 407,STOKE EDITH CHURCH,PM,,,,,,,,,
62,14-Oct-23,MUNTJAC,M,BUCK,12,605 406,STOKE EDITH CHURCH,AM,,,,,,,,,
63,14-Oct-23,MUNTJAC,M,BUCK,,607 382,JURASSIC RIDGE,AM,,,,,,,,,
64,14-Oct-23,MUNTJAC,M,BUCK,10,605 405,STOKE EDITH CHURCH,PM,,,,,,,,,
65,13-Oct-23,FOX,,,,604 407,STOKE EDITH CHURCH,PM,,,,,,,,,
66,15-Oct-23,FALLOW,M,SORREL,45,611 407,STOKE EDITH CHURCH,PM,,,,,,,,,
67,15-Oct-23,FOX,,,,,STOKE EDITH CHURCH,PM,,,,,,,,,
68,16-Oct,FALLOW,M,PRICKET,40,601 391,PLANTATION,PM,,,,,,,,,
69,16-Oct-23,MUNTJAC,M,BUCK,12,601 391,PLANTATION,PM,,,,,,,,,
70,20-Oct-23,FALLOW,M,PRICKET,36,614 378,PARK FARM FIELD,PM,,,,,,,,,
71,24-Oct-23,FALLOW,M,PRICKET,36,618 397,TARRINGTON COMMON,PM,,,,,,,,,
72,26-Oct-23,FALLOW,M,PRICKET,,,DEVERAUX PONDS,PM,,,,,,,,,
73,27-Oct-23,MUNTJAC,M,BUCK,10,618 392,TARRINGTON COMMON,AM,,,,,,,,,
74,01-Nov-23,MUNTJAC,F,DOE,6,617 377,DEVERAUX PONDS,AM,,,,,,,,,
75,02-Nov-23,FALLOW,F,DOE,,625 368,DEVERAUX PONDS,PM,,,,,,,,,
76,02-Nov-23,MUNTJAC,M,BUCK,,622 370,DEVERAUX PONDS,PM,,,,,,,,,
77,03-Nov-23,FALLOW,F,DOE,30,598 388,Near Keepers cottage,PM,,,,,,,,,
78,03-Nov-23,FOX,,,,600 391,,PM,,,,,,,,,
79,03-Nov-23,FALLOW,F,DOE,23,611 379,JURASSIC RIDGE,PM,,,,,,,,,
80,03-Nov-23,FALLOW,M,PRICKET,33,611 379,JURASSIC RIDGE,PM,,,,,,,,,
81,03-Nov-23,FALLOW,M,PRICKET,33,615 378,PARK FARM FIELD,PM,,,,,,,,,
82,03-Nov-23,FALLOW,M,PRICKET,19,616 381,PARK FARM FIELD,PM,,,,,,,,,
83,03-Nov-23,FALLOW,F,DOE,"37,5",618 395,TARRINGTON COMMON,PM,,,,,,,,,
84,03-Nov-23,FALLOW,M,PRICKET,33,623 366,DEVERAUX PONDS,PM,,,,,,,,,
85,03-Nov-23,FALLOW,F,DOE,19,623 366,DEVERAUX PONDS,PM,,,,,,,,,
86,03-Nov-23,FALLOW,F,DOE,27,,DORMINGTON WOODS,PM,,,,,,,,,
87,03-Nov-23,FALLOW,F,DOE,,,DORMINGTON WOODS,PM,,,,,,,,,
88,04-Nov-23,FALLOW,F,DOE,33,,DORMINGTON FIELDS,AM,,,,,,,,,
89,04-Nov-23,MUNTJAC,F,DOE,5,605 385,Leaning Tower,AM,,,,,,,,,
90,04-Nov-23,MUNTJAC,M,BUCK,10,619 373,DEVERAUX PONDS,AM,,,,,,,,,
91,04-Nov-23,FALLOW,F,DOE,24,614 377,PARK FARM FIELD,AM,,,,,,,,,
92,05-Nov-23,FALLOW,M,FAWN,21,606 405,STOKE EDITH CHURCH,AM,,,,,,,,,
93,05-Nov-23,ROE,F,DOE,17,605 385,Leaning Tower,AM,,,,,,,,,
94,05-Nov-23,FALLOW,M,PRICKET,39,605 385,Leaning Tower,AM,,,,,,,,,
95,05-Nov-23,FOX,,,,605 385,Leaning Tower,AM,,,,,,,,,
96,05-Nov-23,FOX,,,,605 385,Leaning Tower,AM,,,,,,,,,
97,05-Nov-23,FALLOW,F,DOE,15,,Priors Wood,AM,,,,,,,,,
98,05-Nov-23,FALLOW,F,DOE,35,,BACKBURY HILL,AM,,,,,,,,,
99,05-Nov-23,FALLOW,F,DOE,29,,Priors Wood,AM,,,,,,,,,
100,05-Nov-23,MUNTJAC,F,DOE,5,,Priors Wood,AM,,,,,,,,,
101,06-Nov-23,FALLOW,M,BARE BUCK,47,,Priors Wood,PM,,,,,,,,,
102,14-Nov-23,MUNTJAC,M,BUCK,9,605 397,PLANTATION,PM,,,,,,,,,
103,17-Nov-23,MUNTJAC,M,BUCK,10,619 371,DEVERAUX PONDS,PM,,,,,,,,,
104,17-Nov-23,MUNTJAC,F,DOE,8,619 371,DEVERAUX PONDS,PM,,,,,,,,,
105,17-Nov-23,FOX,F,VIXEN,,612 380,DEVERAUX PONDS,PM,,,,,,,,,
106,17-Nov-23,MUNTJAC,M,BUCK,,603 397,SILO,PM,,,,,,,,,
107,17-Nov-23,FALLOW,M,PRICKET,36,608 387,Leaning Tower,PM,,,,,,,,,
108,18-Nov-23,FALLOW,M,FAWN,,616 396,TARRINGTON COMMON,AM,,,,,,,,,
109,18-Nov-23,FALLOW,F,DOE,,614 399,TARRINGTON COMMON,AM,,,,,,,,,
110,18-Nov-23,FALLOW,F,DOE,,613 397,TARRINGTON COMMON,PM,,,,,,,,,
111,18-Nov-23,FALLOW,M,PRICKET,37,602 389,Leaning Tower,PM,,,,,,,,,
112,18-Nov-23,MUNTJAC,M,BUCK,11,606 386,Leaning Tower,PM,,,,,,,,,
113,18-Nov-23,FALLOW,F,DOE,,601 398,PARK COTTAGE,AM,,,,,,,,,
114,18-Nov-23,FALLOW,M,PRICKET,39,615 376,DEVERAUX PONDS,AM,,,,,,,,,
115,23-Nov-23,FALLOW,M,FAWN,20,604 392,TARRINGTON COMMON,PM,,,,,,,,,
116,25-Nov-23,MUNTJAC,M,BUCK,10,601 388,DORMINGTON WOOD,PM,,,,,,,,,
117,27-Nov-23,FALLOW,F,DOE,34,621 370,DEVERAUX PONDS,AM,,,,,,,,,
118,27-Nov-23,FALLOW,F,DOE,32,620 375,DEVERAUX PONDS,AM,,,,,,,,,
119,28-Nov-23,FALLOW,F,DOE,27,603 385,JURASSIC RIDGE,PM,,,,,,,,,
120,28-Nov-23,FALLOW,F,DOE,31,591 391,BACKBURY HILL,PM,,,,,,,,,
121,30-Nov-23,FOX,F,VIXEN,,601 389,SWILLOW WOOD,PM,,,,,,,,,
122,09-Dec-23,MUNTJAC,M,BUCK,,,,AM,,,,,,,,,
123,09-Dec-23,MUNTJAC,M,BUCK,12,608 408,STOKE EDITH CHURCH,AM,,,,,,,,,
124,09-Dec-23,MUNTJAC,F,DOE,8,608 408,STOKE EDITH CHURCH,AM,,,,,,,,,
125,10-Dec-23,FALLOW,F,DOE,35,601 395,PLANTATION,AM,,,,,,,,,
126,10-Dec-23,FALLOW,F,DOE,,598 394,OLD QUARRY,AM,,,,,,,,,
127,10-Dec-23,FALLOW,F,DOE,,596 394,OLD QUARRY,AM,,,,,,,,,
128,10-Dec-23,FALLOW,M,FAWN,,597 392,OLD QUARRY,AM,,,,,,,,,
129,10-Dec-23,FOX,F,VIXEN,,605 383,Priors Wood,AM,,,,,,,,,
130,11-Dec-23,FALLOW,F,DOE,,,FRITH WOODS,PM,,,,,,,,,
131,10-Dec-23,FALLOW,F,DOE,,,PLANTATION,AM,,,,,,,,,
132,09-Dec-23,MUNTJAC,F,DOE,,,PLANTATION,AM,,,,,,,,,
133,11-Dec-23,FALLOW,F,DOE,,,KEEPERS COTTAGE,PM,,,,,,,,,
134,15-Dec-23,MUNTJAC,M,BUCK,8,622 381,DEVERAUX PONDS,AM,,,,,,,,,
135,16-Dec-23,FALLOW,M,PRICKET,37,583 391,DORMINGTON ORCHARDS,AM,,,,,,,,,
136,16-Dec-23,FALLOW,M,PRICKET,37,583 391,DORMINGTON ORCHARDS,AM,,,,,,,,,
137,20-Dec-23,FALLOW,M,FAWN,20,604 384,PRIORS WOOD,PM,,,,,,,,,
138,20-Dec-23,FALLOW,M,FAWN,10,616 377,PARK FARM FIELD,PM,,,,,,,,,
139,23-Dec-23,FALLOW,M,FAWN,,601 386,DORMINGTON WOOD,AM,,,,,,,,,
140,23-Dec-23,FALLOW,M,FAWN,,607 383,DORMINGTON WOOD,AM,,,,,,,,,
141,23-Dec-23,MUNTJAC,F,DOE,,600 388,DORMINGTON WOOD,AM,,,,,,,,,
142,23-Dec-23,MUNTJAC,M,BUCK,,605 385,DORMINGTON WOOD,AM,,,,,,,,,
143,26-Dec-23,FALLOW,F,DOE,29,585 393,PRIORS COURT FARM,PM,,,,,,,,,
144,26-Dec-23,FALLOW,F,DOE,19,585 393,PRIORS COURT FARM,PM,,,,,,,,,
145,29-Dec-23,FALLOW,F,DOE,32,586 392,PRIORS COURT FARM,PM,,,,,,,,,
146,31-Dec-23,MUNTJAC,M,BUCK,,,PLANTATION,AM,,,,,,,,,
147,04-Jan-24,MUNTJAC,M,BUCK,12,586 388,PRIORS COURT FARM,PM,,,,,,,,,
148,04-Jan-24,FALLOW,F,DOE,32,584 388,PRIORS COURT FARM,PM,,,,,,,,,
149,05-Jan-24,FALLOW,M,FAWN,25,623 373,DEVERAUX PONDS,AM,,,,,,,,,
150,05-Jan-24,FALLOW,F,DOE,32,623 373,DEVERAUX PONDS,AM,,,,,,,,,
151,05-Jan-24,FALLOW,F,DOE,35,623 373,DEVERAUX PONDS,AM,,,,,,,,,
152,05-Jan-24,FALLOW,M,FAWN,22,623 373,DEVERAUX PONDS,AM,,,,,,,,,
153,05-Jan-24,FALLOW,F,FAWN,18.5,623 373,DEVERAUX PONDS,AM,,,,,,,,,
154,07-Jan-24,FALLOW,F,FAWN,17.5,605 385,Leaning Tower,PM,,,,,,,,,
155,11-Jan-24,FALLOW,M,FAWN,23,601 391,PUNCH BOWL,PM,,,,,,,,,
,11-Jan-24,FOX,M,DOG,,601 391,PUNCH BOWL,PM,,,,,,,,,
156,12-Jan-24,FALLOW,F,DOE,36,600 386,PRIORS WOOD,AM,,,,,,,,,
157,12-Jan-24,FALLOW,M,FAWN,18,605 384,PLANTATION,PM,,,,,,,,,
158,18-Jan-24,FALLOW,M,FAWN,17,615 379,TARRINGTON COMMON,PM,,,,,,,,,
159,18-Jan-24,FALLOW,F,DOE,34,618 396,TARRINGTON COMMON,PM,,,,,,,,,
160,18-Jan-24,FALLOW,F,DOE,33.5,618 396,TARRINGTON COMMON,PM,,,,,,,,,
161,19-Jan-24,MUNTJAC,M,BUCK,12,587 390,PRIORS COURT FARM,PM,,,,,,,,,
162,23-Jan-24,FALLOW,F,DOE,31,602 385,PRIORS WOOD,PM,,,,,,,,,
163,25-Jan-24,MUNTJAC,M,BUCK,11,606 385,Leaning Tower,PM,,,,,,,,,
164,25-Jan-24,MUNTJAC,F,DOE,7.5,602 387,Leaning Tower,PM,,,,,,,,,
165,27-Jan-24,FALLOW,F,FAWN,20,587 390,PRIORS COURT FARM,AM,,,,,,,,,
166,28-Jan-24,FALLOW,M,FAWN,23,600 388,PLANTATION,PM,,,,,,,,,
167,28-Jan-24,ROE,F,DOE,18,605 384,PLANTATION,PM,,,,,,,,,
168,30-Jan-24,FALLOW,F,DOE,28,604 387,PLANTATION,PM,,,,,,,,,
169,01-Feb-24,ROE,F,DOE,16,604 395,PLANTATION,PM,,,,,,,,,
170,01-Feb-24,FALLOW,M,PRICKET,38,607 398,PLANTATION,PM,,,,,,,,,
171,10-Feb-24,MUNTJAC,F,DOE,6,615 378,DEVERAUX PONDS,AM,,,,,,,,,
172,10-Feb-24,MUNTJAC,M,BUCK,10,615 378,DEVERAUX PONDS,AM,,,,,,,,,
173,10-Feb-24,FALLOW,F,FAWN,18,605 386,PLANTATION,PM,,,,,,,,,
174,10-Feb-24,MUNTJAC,M,BUCK,10,602 387,Leaning Tower,PM,,,,,,,,,
175,11-Feb-24,FALLOW,F,DOE,35,615 378,DEVERAUX PONDS,PM,,,,,,,,,
176,11-Feb-24,FALLOW,M,PRICKET,35,615 378,DEVERAUX PONDS,PM,,,,,,,,,
177,11-Feb-24,FALLOW,F,DOE,28,615 378,DEVERAUX PONDS,PM,,,,,,,,,
178,10-Feb-24,MUNTJAC,M,BUCK,10,601 395,DORMINGTON WOODS,PM,,,,,,,,,
179,10-Feb-24,FALLOW,F,DOE,25,593 389,FRITH WOODS,PM,,,,,,,,,
180,10-Feb-24,FALLOW,F,DOE,28,602 394,DORMINGTON WOODS,PM,,,,,,,,,
181,14-Feb-24,FALLOW,F,FAWN,18,613 394,TARRINGTON COMMON,AM,,,,,,,,,
182,14-Feb-24,ROE,F,DOE,18,607 393,PLANTATION,AM,,,,,,,,,
183,14-Feb-24,FALLOW,F,DOE,30,615 381,PARK FARM FIELD,PM,,,,,,,,,
184,20-Feb-24,FALLOW,M,FAWN,21,601 387,PRIORS WOOD,PM,,,,,,,,,
185,24-Feb-24,FALLOW,F,DOE,34,613 396,COSSINGTON,PM,,,,,,,,,
186,24-Feb-24,MUNTJAC,M,BUCK,9,620 388,SWILLOW WOOD,PM,,,,,,,,,
187,24-Feb-24,MUNTJAC,F,DOE,8,620 388,SWILLOW WOOD,PM,,,,,,,,,
188,24-Feb-24,FALLOW,F,DOE,35,621 386,COSSINGTON,PM,,,,,,,,,
189,24-Feb-24,FALLOW,F,FAWN,19.5,621 386,COSSINGTON,PM,,,,,,,,,
190,24-Feb-24,FALLOW,F,FAWN,19,621 386,COSSINGTON,PM,,,,,,,,,
191,24-Feb-24,MUNTJAC ,M,BUCK,9,607 393,PLANTATION,PM,,,,,,,,,
24-Feb-24,24-Feb-24,MUNTJAC,F,DOE,7.5,607 393,PLANTATION,PM,,,,,,,,,
192,25-Feb-24,MUNTJAC,M,BUCK,8,606 385,Leaning Tower,AM,,,,,,,,,
193,25-Feb-24,MUNTJAC,F,DOE,8,602 387,Leaning Tower,AM,,,,,,,,,
194,25-Feb-24,MUNTJAC,F,DOE,6,606 385,Leaning Tower,AM,,,,,,,,,
195,25-Feb-24,FALLOW,M,FAWN,16.5,593 389,Frith WOODS,AM,,,,,,,,,
196,25-Feb-24,FALLOW,F,FAWN,18,593 389,FRITH WOODS,AM,,,,,,,,,
197,25-Feb-24,FALLOW,F,FAWN,18,593 389,FRITH WOODS,AM,,,,,,,,,
198,28-Feb-24,FALLOW,F,DOE,33,615 383,PENTELOE WELLS,PM,,,,,,,,,
199,29-Feb-24,MUNTJAC,M,BUCK,10.5,619 396,TARRINGTON COMMON,PM,,,,,,,,,
200,29-Feb-24,FALLOW,F,FAWN,19.5,597 389,PRIORS WOOD,PM,,,,,,,,,
201,29-Feb-24,MUNTJAC,F,DOE,7,609 382,LITTLE HILL,PM,,,,,,,,,
202,06-Mar-24,FALLOW,F,FAWN,13.5,624 372,PARK FARM FIELD,PM,,,,,,,,,
203,07-Mar-24,FALLOW,F,DOE,27,614 378,PENTELOE WELLS,PM,,,,,,,,,
204,06-Mar-24,FOX,M,DOG,N/A,615 378,PARK FARM FIELD,PM,,,,,,,,,
205,08-Mar-24,MUNTJAC,F,DOE,9,622 365,ROUND HILL WOOD,PM,,,,,,,,,
206,08-Mar-24,MUNTJAC,M,BUCK,8,625 369,ROUND HILL WOOD,PM,,,,,,,,,
207,17-Mar-24,FALLOW,F,DOE,32,619 369,DEVERAUX PONDS,AM,,,,,,,,,
208,17-Mar-24,FALLOW,F,DOE,26,619 369,DEVERAUX PONDS,AM,,,,,,,,,
209,16-Mar-24,MUNTJAC,M,BUCK,10,609 389,LITTLE HILL,PM,,,,,,,,,
210,16-Mar-24,FALLOW,F,DOE,35,618 388,COSSINGTON,PM,,,,,,,,,
211,16-Mar-24,FALLOW,F,DOE,29,618 388,COSSINGTON,PM,,,,,,,,,
212,17-Mar-24,FALLOW,F,DOE,26,583 391,DORMINGTON WOODS,AM,,,,,,,,,
213,17-Mar-24,MUNTJAC,M,BUCK,11,608 383,LITTLE HILL,AM,,,,,,,,,
214,21-Mar-24,FALLOW,F,DOE,28,584 392,DORMINGTON WOODS,PM,,,,,,,,,
215,21-Mar-24,FALLOW,F,FAWN,16,596 388,PRIORS WOOD,PM,,,,,,,,,
216,21-Mar-24,MUNTJAC,F,DOE,10,598 389,PRIORS WOOD,PM,,,,,,,,,
217,21-Mar-24,FALLOW,F,DOE,33.5,624 374,DEVERAUX PONDS,PM,,,,,,,,,
218,21-Mar-24,FALLOW,F,FAWN,23,624 374,DEVERAUX PONDS,PM,,,,,,,,,
219,21-Mar-24,FALLOW,F,FAWN,24,624 374,DEVERAUX PONDS,PM,,,,,,,,,
220,29-Mar-24,FALLOW,F,DOE,31.5,596 395,FRITH WOODS,AM,,,,,,,,,
221,29-Mar-24,MUNTJAC,F,DOE,10,595 393,FRITH WOODS,AM,,,,,,,,,
222,29-Mar-24,FALLOW,F,DOE,31.5,614 376,DEVERAUX PONDS,PM,,,,,,,,,
223,29-Mar-24,FALLOW,F,DOE,29,614 376,DEVERAUX PONDS,PM,,,,,,,,,
224,29-Mar-24,FALLOW,F,DOE,28,617 375,DEVERAUX PONDS,PM,,,,,,,,,
225,30-Mar-24,FALLOW,F,FAWN,17,614 376,DEVERAUX PONDS,PM,,,,,,,,,
226,30-Mar-24,FALLOW,F,FAWN,21,613 396,SWILLOW WOOD,AM,,,,,,,,,
227,30-Mar-24,FALLOW,F,FAWN,19,617 389,COSSINGTON,PM,,,,,,,,,
228,30-Mar-24,FALLOW,M,FAWN,23,617 389,COSSINGTON,PM,,,,,,,,,
229,30-Mar-24,MUNTJAC,F,DOE,8,602 387,LEANING TOWER ,PM,,,,,,,,,
230,30-Mar-34,FALLOW,F,DOE,35,604 402,PERTON FIELDS,PM,,,,,,,,,
231,05-Apr-24,MUNTJAC,M,BUCK,10,602 392,PERTON,PM,,,,,,,,,
232,05-Apr-24,MUNTJAC,M,BUCK,10,598 396,PERTON,PM,,,,,,,,,
233,07-Apr-24,MUNTJAC,M,BUCK,,,,AM,,,,,,,,,
234,10-Apr-24,MUNTJAC,F,DOE,11,618 374,DEVERAUX PONDS,PM,,,,,,,,,
235,21-Apr-24,FALLOW,M,PRICKET,42,620 399,TARRINGTON COMMON,PM,,,,,,,,,
236,21-Apr-24,FALLOW,M,PRICKET,41,609 395,TARRINGTON COMMON,PM,,,,,,,,,
237,24-Apr-24,FALLOW,M,SORE BUCK,54,614 394,TARRINGTON COMMON,PM,,,,,,,,,
238,24-Apr-24,FALLOW,M,FAWN,20,618 396,TARRINGTON COMMON,PM,,,,,,,,,
239,25-Apr-24,MUNTJAC,M,BUCK,10,603 399,TARRINGTON COMMON,PM,,,,,,,,,
240,25-Apr-24,FOX,M,DOG,,603 399,TARRINGTON COMMON,PM,,,,,,,,,
241,27-Apr-24,ROE,M,BUCK,16.5,618 372,DEVERAUX PONDS,AM,,,,,,,,,
242,27-Apr-24,MUNTJAC,M,BUCK,11.5,621 365,DEVERAUX PONDS,AM,,,,,,,,,
243,27-Apr-24,FALLOW,M,PRICKET,27,624 373,DEVERAUX PONDS,AM,,,,,,,,,
244,27-Apr-24,MUNTJAC,M,BUCK,11,612 396,SWILLOW WOOD,AM,,,,,,,,,
245,29-Apr-24,FOX,,,,,,,,,,,,,,,
246,04-May-24,MUNTJAC,F,DOE,,,,AM,,,,,,,,,
247,10-May-24,MUNTJAC,F,DOE,9,603 387,PRIORS WOOD,PM,,,,,,,,,
248,10-May-24,FOX,,,,,,PM,,,,,,,,,
249,11-May-24,MUNTJAC,F,DOE,8,601 385,PRIORS WOOD,AM,,,,,,,,,
250,11-May-24,MUNTJAC,M,BUCK,8,604 385,PLANTATION,AM,,,,,,,,,
251,11-May-24,MUNTJAC,F,DOE,10,619 386,COSSINGTON,AM,,,,,,,,,
252,18-Jun,MUNTJAC,F,DOE,8,605 361,SILO,PM,,,,,,,,,
253,22-Jun-24,MUNTJAC,M,BUCK,10,603 396,PLANTATION,PM,,,,,,,,,
254,22-Jun-24,MUNTJAC,F,DOE,8,603 396,PLANTATION,PM,,,,,,,,,
255,22-Jun-24,MUNTJAC,M,BUCK,10,603 393,PLANTATION,PM,,,,,,,,,
256,22-Jun-24,ROE,M,BUCK,23,608 394,PLANTATION,PM,,,,,,,,,
257,07-Jul-24,ROE,M,BUCK,18.5,600 396,PUNCH BOWL,AM,,,,,,,,,
258,30-Jul-24,MUNTJAC,F,DOE,6,600 393,PUNCH BOWL,PM,,,,,,,,,
259,02-Aug-24,,,,,,TARRINGTON COMMON,PM,,,,,,,,,
260,03-Aug-24,ROE,M,BUCK,18,,PLANTATION,AM,,,,,,,,,
261,03-Aug-24,,,,,,DEVERAUX PONDS,PM,,,,,,,,,
262,04-Aug-24,ROE,M,BUCK,18,,,AM,,,,,,,,,
263,04-Aug-24,FOX,F,VIXEN,,620 401,TARRINGTON COMMON,PM,,,,,,,,,
264,04-Aug-24,FALLOW,M,PRICKET,27,614 400,SWILLOW WOOD,PM,,,,,,,,,
265,04-Aug-24,FALLOW,M,PRICKET,27,614 400,SWILLOW WOOD,PM,,,,,,,,,
266,07-Aug-24,FALLOW,M,PRICKET,35,609 391,PLANTATION,AM,,,,,,,,,
267,07-Aug-24,FALLOW,M,PRICKET,36,609 391,PLANTATION,AM,,,,,,,,,
268,07-Aug-24,ROE,M,BUCK,,612 391,HIGHNAM FARM,PM,,,,,,,,,
269,07-Aug-24,FOX,,,,611 397,HIGHNAM FARM,PM,,,,,,,,,
270,12-Aug-24,,,,,,PLANTATION,PM,,,,,,,,,
271,14-Aug-24,MUNTJAC,M,BUCK,8.5,615 380,DEVERAUX PONDS,PM,,,,,,,,,
272,14-Aug-24,MUNTJAC,M,BUCK,5,622 367,DEVERAUX PONDS,PM,,,,,,,,,
273,15-Aug-24,,,,,,TARRINGTON COMMON,PM,,,,,,,,,
274,15-Aug-24,FALLOW,M,PRICKET,32,585 397,DORMINGTON,PM,,,,,,,,,
275,15-Aug-24,FALLOW,M,PRICKET,32,586 393,DORMINGTON,PM,,,,,,,,,
276,18-Aug-24,FALLOW,M,PRICKET,36,615 376,DEVERAUX PONDS,PM,,,,,,,,,
277,18-Aug-24,MUNTJAC,F,DOE,3,621 371,DEVERAUX PONDS,PM,,,,,,,,,
278,18-Aug-24,MUNTJAC,M,BUCK,8.5,618 373,DEVERAUX PONDS,PM,,,,,,,,,
279,18-Aug-24,MUNTJAC,M,BUCK,9,618 387,COSSINGTON,PM,,,,,,,,,
280,18-Aug-24,FALLOW,M,PRICKET,31,621 383,COSSINGTON,PM,,,,,,,,,
281,18-Aug-24,,,,,,JURASSIC RIDGE,PM,,,,,,,,,
282,20-Aug-24,MUNTJAC,F,DOE,,583 389,BACKBURY HILL,AM,,,,,,,,,
283,20-Aug-24,MUNTJAC,M,BUCK,,597 389,OLD QUARRY,AM,,,,,,,,,
284,20-Aug-24,,,,,,PLANTATION,PM,,,,,,,,,
285,21-Aug-24,,,,,,COSSINGTON,PM,,,,,,,,,
286,23-Aug-24,FALLOW,M,PRICKET,37,617 394,TARRINGTON COMMON,PM,,,,,,,,,
287,26-Aug-24,,,,,,JURASSIC RIDGE,AM,,,,,,,,,
288,26-Aug-24,,,,,,LEANING TOWER ,PM,,,,,,,,,
289,27-Aug-24,,,,,,TARRINGTON COMMON,PM,,,,,,,,,
290,01-Sep-24,MUNTJAC,M,BUCK,8,610 393,TARRINGTON COMMON,AM,,,,,,,,,
291,01-Sep-24,MUNTJAC,F,DOE,9,,JURASSIC RIDGE,AM,,,,,,,,,
292,01-Sep-24,FALLOW,M,PRICKET,38,,JURASSIC RIDGE,AM,,,,,,,,,
293,01-Sep-24,FALLOW,M,PRICKET,33,,JURASSIC RIDGE,AM,,,,,,,,,
294,06-Sep-24,,,,,,JURASSIC RIDGE,PM,,,,,,,,,
295,14-Sep-24,,,,,,PLANTATION,PM,,,,,,,,,
296,14-Sep-24,,,,,,TARRINGTON COMMON,PM,,,,,,,,,
297,14-Sep-24,,,,,,TARRINGTON COMMON,PM,,,,,,,,,
298,14-Sep-24,FALLOW,M,PRICKET,39,620 371,DEVERAUX PONDS,PM,,,,,,,,,
299,22-Sep-24,FALLOW,M,BUCK,74,604 383,JURASSIC RIDGE,PM,,,,,,,,,
300,22-Sep-24,,,,,,DEVERAUX PONDS,PM,,,,,,,,,
301,24-Sep-24,,,,,,BUNKERS HILL,PM,,,,,,,,,
302,24-Sep-24,MUNTJAC,M,BUCK,8,592 387,FRITH WOODS,PM,,,,,,,,,
303,24-Sep-24,FALLOW,M,BUCK,54,591 391,FRITH WOODS,PM,,,,,,,,,
304,24-Sep-24,,,,,,THE SLIP,PM,,,,,,,,,
,24-Sep-24,,,,,,JURASSIC RIDGE,PM,,,,,,,,,
305,25-Sep-24,FALLOW,M,PRICKET,43,615 377,PARK FARM FIELD,PM,,,,,,,,,
306,25-Sep-24,FOX,,,,,,PM,,,,,,,,,
307,27-Sep-24,,,,,,,PM,,,,,,,,,
308,28-Sep-24,MUNTJAC,M,BUCK,9,622 367,DEVERAUX PONDS,PM,,,,,,,,,
309,29-Sep-24,,,,,,JURASSIC RIDGE,AM,,,,,,,,,
310,29-Sep-24,,,,,,JURASSIC RIDGE,AM,,,,,,,,,
311,29-Sep-24,FALLOW,M,PRICKET,37,601 391,PLANTATION,PM,,,,,,,,,
312,02-Oct-24,,,,,,DEVERAUX PONDS,PM,,,,,,,,,
313,03-Oct-24,FALLOW,M,PRICKET,45,603 389,PLANTATION,PM,,,,,,,,,
314,04-Oct-24,FALLOW,M,SORREL,55,615 376,DEVERAUX PONDS,AM,,,,,,,,,
315,04-Oct-24,MUNTJAC,M,BUCK,10,623 369,DEVERAUX PONDS,AM,,,,,,,,,
316,04-Oct-24,FALLOW,M,PRICKET,36,585 393,DORMINGTON,PM,,,,,,,,,
317,04-Oct-24,FALLOW,F,DOE,29,582 388,DORMINGTON,PM,,,,,,,,,
318,04-Oct-24,FALLOW,M,PRICKET,43,586 391,DORMINGTON,PM,,,,,,,,,
319,05-Oct-24,FALLOW,M,SORREL,56,603 393,PLANTATION,AM,,,,,,,,,
320,05-Oct,FALLOW,F,FAWN,10,601 386,PLANTATION,AM,,,,,,,,,
321,05-Oct-24,FALLOW,M,PRICKET,37,600 386,PLANTATION,AM,,,,,,,,,
322,05-Oct-24,MUNTJAC,M,BUCK,5,599 395,PLANTATION,AM,,,,,,,,,
323,06-Oct-24,,,,,,PLANTATION,PM,,,,,,,,,
324,08-Oct-24,MUNTJAC,M,BUCK,9,,,PM,,,,,,,,,
325,08-Oct-24,FALLOW,M,BUCK,61,598 404,UPPER LAY WOODS,PM,,,,,,,,,
326,08-Oct-24,,,,,,,PM,,,,,,,,,
327,10-Oct-24,FALLOW,M,PRICKET,36,596 389,FRITH WOODS,PM,,,,,,,,,
328,10-Oct-24,,,,,,,PM,,,,,,,,,
329,10-Oct-24,,,,,,,PM,,,,,,,,,
330,11-Oct-24,,,,,,,PM,,,,,,,,,
331,11-Oct-24,FALLOW,M,PRICKET,37,602 387,THE CASTLE,PM,,,,,,,,,
332,12-Oct-24,,,,,,,PM,,,,,,,,,
333,12-Oct-24,MUNTJAC,M,BUCK,9,599 393,OLD QUARRY,PM,,,,,,,,,
334,13-Oct-24,,,,,,,AM,,,,,,,,,
335,13-Oct-24,,,,,,,AM,,,,,,,,,
336,17-Oct-24,,,,,,,PM,,,,,,,,,
337,18-Oct-24,,,,,,,PM,,,,,,,,,
338,19-Oct-24,MUNTJAC,M,BUCK,8,601 388,DORMINGTON WOODS,AM,,,,,,,,,
339,19-Oct-24,MUNTJAC,M,BUCK,11,600 394,DORMINGTON WOODS,AM,,,,,,,,,
340,19-Oct-24,FALLOW,M,PRICKET,36,619 386,COSSINGTON,PM,,,,,,,,,
341,19-Oct-24,FALLOW,M,PRICKET,33,618 396,TARRINGTON COMMON,PM,,,,,,,,,
342,20-Oct-24,,,,,,UPPER DORMINGTON,PM,,,,,,,,,
343,21-Oct-24,FALLOW,M,PRICKET,32,599 392,OLD QUARRY,AM,,,,,,,,,
344,21-Oct-24,FOX,M,DOG,,599 394,OLD QUARRY,AM,,,,,,,,,
345,22-Oct-24,,,,,,,AM,,,,,,,,,
346,22-Oct-24,,,,,,,PM,,,,,,,,,
347,22-Oct-24,,,,,,,PM,,,,,,,,,
348,24-Oct-24,,,,,,JURASSIC RIDGE,PM,,,,,,,,,
349,24-Oct-24,,,,,,PARK FARM FIELD,PM,,,,,,,,,
350,25-Oct-24,FOX,M,DOG,,,SILO,PM,,,,,,,,,
351,26-Oct-24,,,,,,PRIORS WOOD,AM,,,,,,,,,
352,26-Oct-24,FALLOW,M,SORREL,53,599 360,PLANTATION,PM,,,,,,,,,
353,27-Oct-24,,,,,,DEVERAUX PONDS,AM,,,,,,,,,
354,27-Oct-24,FALLOW,M,PRICKET,36,602 393,PLANTATION,AM,,,,,,,,,
355,27-Oct-24,FALLOW,M,BUCK,50,603 393,PLANTATION,AM,,,,,,,,,
356,28-Oct-24,FALLOW,M,SORREL,47.5,604 395,PLANTATION,AM,,,,,,,,,
357,29-Oct-24,FALLOW,M,PRICKET,37,,SPOOKY COTTAGE,PM,,,,,,,,,
358,01-Nov-24,,,,,,JURASSIC RIDGE,AM,,,,,,,,,
359,01-Nov-24,FALLOW,F,DOE,31.5,604 407,STOKE EDITH CHURCH,PM,,,,,,,,,
360,02-Nov-24,FALLOW,F,DOE,29,618 369,DEVERAUX PONDS,AM,,,,,,,,,
361,04-Nov-24,FALLOW,F,DOE,35,602 387,LEANING TOWER,PM,,,,,,,,,
362,04-Nov-24,FALLOW,F,FAWN,17,602 385,LEANING TOWER,PM,,,,,,,,,
363,04-Nov-24,FALLOW,F,DOE,34,606 384,PRIORS WOOD SEAT,PM,,,,,,,,,
364,04-Nov-24,MUNTJAC,M,BUCK,8,606 384,PRIORS WOOD SEAT,PM,,,,,,,,,
365,07-Nov-24,FALLOW,F,DOE,34,617 395,TARRINGTON COMMON,PM,,,,,,,,,
366,08-Nov-24,FALLOW,M,PRICKET,37,598 395,PERTON GATE,AM,,,,,,,,,
367,08-Nov-24,ROE,F,DOE,17,609 390,SHEEPCOTE HILL,AM,,,,,,,,,
368,08-Nov-24,FALLOW,F,DOE,31,602 388,PLANTATION,PM,,,,,,,,,
369,08-Nov-24,FALLOW,F,FAWN,19,602 388,PLANTATION,PM,,,,,,,,,
370,08-Nov-24,MUNTJAC,M,BUCK,8,596 394,KEEPERS COTTAGE,PM,,,,,,,,,
371,01-Nov-24,ROE,F,DOE,12,608 388,JURASSIC RIDGE,AM,,,,,,,,,
372,09-Nov-24,MUNTJAC,M,BUCK,11,619 388,COSSINGTON,AM,,,,,,,,,
373,11-Nov-24,FALLOW,F,DOE,38,605 385,PLANTATION,AM,,,,,,,,,
374,11-Nov-24,FALLOW,F,FAWN,11,604 385,PLANTATION,AM,,,,,,,,,
375,11-Nov-24,MUNTJAC,M,BUCK,9,602 387,LEANING TOWER,AM,,,,,,,,,
376,11-Nov-24,MUNTJAC,M,BUCK,5,602 387,LEANING TOWER,AM,,,,,,,,,
377,11-Nov-24,FALLOW,F,DOE,37,588 394,PROSPECT FARM,PM,,,,,,,,,
378,11-Nov-24,FALLOW,M,FAWN,20,588 394,PROSPECT FARM,PM,,,,,,,,,
379,11-Nov-24,FALLOW,M,BUCK,46,588 394,PROSPECT FARM,PM,,,,,,,,,
380,12-Nov-24,FALLOW,F,DOE,31,591 393,TOWER HILL,PM,,,,,,,,,
381,12-Nov-24,FALLOW,F,DOE,30,582 391,RICHARD ORCHARD,PM,,,,,,,,,
382,12-Nov-24,FALLOW,F,DOE,29,582 391,RICHARD ORCHARD,PM,,,,,,,,,
383,12-Nov-24,FALLOW,F,FAWN,15,,DORMINGTON FIELDS,PM,,,,,,,,,
384,13-Nov-24,FALLOW,F,DOE,29,590 391,TOWER HILL,PM,,,,,,,,,
385,13-Nov-24,FALLOW,M,FAWN,22,590 391,WOOTON,PM,,,,,,,,,
386,13-Nov-24,FALLOW,F,DOE,38,603 384,PLANTATION,PM,,,,,,,,,
387,13-Nov-24,FALLOW,F,FAWN,19,605 383,PLANTATION,PM,,,,,,,,,
388,13-Nov-24,MUNTJAC,F,DOE,5,604 384,PLANTATION,PM,,,,,,,,,
389,14-Nov-24,FALLOW,F,DOE,31,591 391,TOWER HILL,PM,,,,,,,,,
390,14-Nov-24,,,,,,DORMINGTON FIELDS,PM,,,,,,,,,
,15-Nov-24,MUNTJAC,F,DOE,7,583 389,BACKBURY HILL,PM,,,,,,,,,
390,16-Nov-24,FALLOW,F,DOE,28,599 386,CHECKLEY COMMON,PM,,,,,,,,,
391,16-Nov-24,,,,,,TARRINGTON COMMON,PM,,,,,,,,,
392,16-Nov-24,FALLOW,F,FAWN,18,619 370,DEVERAUX PONDS,PM,,,,,,,,,
,16-Nov-24,FALLOW,F,DOE,30,583 389,PROSPECT FARM,PM,,,,,,,,,
,16-Nov-24,MUNTJAC,M,BUCK,9,,NEIGHBROOKS,PM,,,,,,,,,
,17-Nov-24,MUNTJAC,F ,DOE,8,609 382,DEVERAUX PONDS,PM,,,,,,,,,
,17-Nov-24,FALLOW,F,DOE,36,621 366,DEVERAUX PONDS,AM,,,,,,,,,
,17-Nov-24,FALLOW,F,DOE,30,623 373,DEVERAUX PONDS,AM,,,,,,,,,
,17-Nov-24,FALLOW,F,FAWN,15,616 375,DEVERAUX PONDS,AM,,,,,,,,,
,19-Nov-24,FALLOW,M,PRICKET,31,606 407,STOKE EDITH CHURCH,PM,,,,,,,,,
,21-Nov-24,FALLOW,F,FAWN,17,621 366,DEVERAUX PONDS,PM,,,,,,,,,
,21-Nov-24,,,,,,TOWER HILL,PM,,,,,,,,,
,23-Nov-24,MUNTJAC,M,BUCK,8,614 393,DEVERAUX PONDS,PM,,,,,,,,,
,23-Nov-24,,,,,,TOWER HILL,PM,,,,,,,,,
,23-Nov-24,MUNTJAC,M,BUCK,4,605 385,PLANTATION,PM,,,,,,,,,
,23-Nov-24,FALLOW,F,FAWN,14.5,625 369,DEVERAUX PONDS,PM,,,,,,,,,
,24-Nov-24,FALLOW,M,FAWN,20,607 401,UPPER LAY WOODS,AM,,,,,,,,,
,24-Nov-24,FALLOW,F,DOE,37,607 401,UPPER LAY WOODS,AM,,,,,,,,,
,24-Nov-24,FALLOW,F,DOE,34,607 401,UPPER LAY WOODS,AM,,,,,,,,,
,24-Nov-24,FALLOW,F,DOE,34,607 401,UPPER LAY WOODS,AM,,,,,,,,,
,24-Nov-24,FALLOW,F,DOE,32,607 401,UPPER LAY WOODS,AM,,,,,,,,,
,24-Nov-24,MUNTJAC,M,BUCK,7.5,601 392,PLANTATION,AM,,,,,,,,,
,24-Nov-24,MUNTJAC,M,BUCK,5,612 397,DEVERAUX PONDS,AM,,,,,,,,,
,26-Nov-24,MUNTJAC,F,DOE,5,599 392,OLD QUARRY,PM,,,,,,,,,
,26-Nov-24,FALLOW,F,FAWN,21,601 391,PUNCH BOWL,PM,,,,,,,,,
,27-Nov-24,FALLOW,F,DOE,35,589 392,PROSPECT FARM,AM,,,,,,,,,
,29-Nov-24,FALLOW,F,FAWN,16,620 384,COSSINGTON,AM,,,,,,,,,
,29-Nov-24,FALLOW,M,FAWN,21,620 384,COSSINGTON,AM,,,,,,,,,
,29-Nov-24,FALLOW,F,DOE,28,626 373 ,DEVERAUX PONDS,AM,,,,,,,,,
,30-Nov-24,FALLOW,F,DOE,34,598 388,PLANTATION,AM,,,,,,,,,
,30-Nov-24,FALLOW,F,DOE,32,598 388,PLANTATION,AM,,,,,,,,,
,04-Dec-24,FALLOW,M,PRICKET,38,601 393,SPOOKY COTTAGE,PM,,,,,,,,,
,06-Dec-24,FALLOW,F,DOE,30.5,589 391,PROSPECT FARM,PM,,,,,,,,,
,06-Dec-24,FALLOW,M,FAWN,15,589 391,PROSPECT FARM,PM,,,,,,,,,
,07-Dec-24,,,,,,DEVERAUX PONDS,AM,,,,,,,,,
,07-Dec-24,,,,,,KEEPERS COTTAGE,AM,,,,,,,,,
,10-Dec-24,,,,,,,PM,,,,,,,,,
,14-Dec-24,FALLOW,F,DOE,33,596 392,OLD QUARRY,AM,,,,,,,,,
,14-Dec-24,,,,,,PROSPECT FARM,AM,,,,,,,,,
,15-Dec-24,FALLOW,F,FAWN,20,606 383,LEANING TOWER,PM,,,,,,,,,
,15-Dec-24,FALLOW,M,PRICKET,37,606 392,PLANTATION,PM,,,,,,,,,
,15-Dec-24,FALLOW,F,DOE,32,617 396,TARRINGTON COMMON,PM,,,,,,,,,
,16-Dec-24,FALLOW,M,FAWN,21,583 390,THE ORCHARDS,AM,,,,,,,,,
,16-Dec-24,FALLOW,F ,DOE,40,618 374,PARK FARM FIELD,AM,,,,,,,,,
,16-Dec-24,MUNTJAC,M,BUCK,8,623 366,DEVERAUX PONDS,AM,,,,,,,,,
,17-Dec-24,,,,,,,PM,,,,,,,,,
,18-Dec-24,FALLOW,F,DOE,24.5,590 391,PROSPECT FARM,PM,,,,,,,,,
,19-Dec-24,MUNTJAC,M,BUCK,10,605 397,COCKSHOOT,PM,,,,,,,,,
,20-Dec-24,FALLOW,F,DOE,35,618 395,TARRINGTON COMMON,PM,,,,,,,,,
,20-Dec-24,FALLOW,F,FAWN,15,618 395,TARRINGTON COMMON,PM,,,,,,,,,
,20-Dec-24,MUNTJAC,M,BUCK,11.5,618 395,TARRINGTON COMMON,PM,,,,,,,,,
,22-Dec-24,,,,,,DEVERAUX PONDS,PM,,,,,,,,,
,21-Dec-24,,,,,,PROSPECT FARM,AM,,,,,,,,,
,27-Dec-24,MUNTJAC,M,BUCK,!2,307 643,DEVERAUX PONDS,PM,,,,,,,,,
,28-Dec-24,MUNTJAC,M,BUCK,5,605 385,PLANTATION,PM,,,,,,,,,
,28-Dec-24,FALLOW,M,FAWN,24,600 387,PLANTATION,PM,,,,,,,,,
,29-Dec-24,FALLOW,F,FAWN,20,620 384,NEIGHBROOKS,AM,,,,,,,,,
,29-Dec-24,FALLOW,M,SORREL,40,622 377,DEVERAUX PONDS,AM,,,,,,,,,
,29-Dec-24,FALLOW,M,FAWN,25,620 386,DEVERAUX PONDS,PM,,,,,,,,,
,29-Dec-24,FALLOW,M,FAWN,20,608 387,PLANTATION,PM,,,,,,,,,
,29-Dec-24,FALLOW,M,PRICKET,38,618 395,TARRINGTON COMMON,PM,,,,,,,,,
,29-Dec-24,FALLOW,M,FAWN,22,604 387,PLANTATION,PM,,,,,,,,,
,29-Dec-24,FALLOW,F,FAWN,19,603 395,PLANTATION,PM,,,,,,,,,
,29-Dec-24,FALLOW,F,DOE,31,587 393,PROSPECT FARM,PM,,,,,,,,,
,30-Dec-24,FALLOW,F,FAWN,19,589 390,TOWER HILL,AM,,,,,,,,,
,30-Dec-24,FOX,M,DOG,,621 385,DEVERAUX PONDS,AM,,,,,,,,,
,30-Dec-24,FALLOW,F,DOE,20,603 385,PRIORS WOOD,AM,,,,,,,,,
,30-Dec-24,MUNTJAC,M,BUCK,6,606 383,LEANING TOWER,PM,,,,,,,,,
,30-Dec-24,FOX,M,DOG,,606 383,LEANING TOWER,PM,,,,,,,,,
,30-Dec-24,,,,,,COSSINGTON,PM,,,,,,,,,
,30-Dec-24,,,,,,DEVERAUX PONDS,PM,,,,,,,,,
,30-Dec-24,,,,,,PLANTATION,PM,,,,,,,,,
,30-Dec-24,,,,,,DORMINGTON WOODS,PM,,,,,,,,,
,31-Dec-24,FALLOW,F,FAWN,21.5,618 374,PARK FARM FIELD,AM,,,,,,,,,
,03-Jan-25,,,,,,DORMINGTON WOODS,AM,,,,,,,,,
,04-Jan-25,FALLOW,F,DOE,29,602 395,PLANTATION,PM,,,,,,,,,
,04-Jan-25,FALLOW,F,DOE,26,602 395,PLANTATION,PM,,,,,,,,,
,05-Jan-25,FALLOW,F,DOE,36,601 394,STALAG HIGHSEAT,PM,,,,,,,,,
,05-Jan-25,,,,,,,PM,,,,,,,,,
,12-Jan-25,FALLOW,M,FAWN,23.5,600 393,PUNCH BOWL,AM,,,,,,,,,
,12-Jan-25,MUNTJAC,M,BUCK,7.5,600 393,PUNCH BOWL,AM,,,,,,,,,
,12-Jan-25,MUNTJAC,F,DOE,7.5,600 393,PUNCH BOWL,AM,,,,,,,,,
,12-Jan-25,MUNTJAC,M,FAWN,4,601 387,PRIORS WOOD,AM,,,,,,,,,
,12-Jan-25,MUNTJAC,M,BUCK,6,619 370,DEVERAUX PONDS,AM,,,,,,,,,
,15-Jan-25,FALLOW,M,FAWN,24,618 374,PARK FARM FIELD,PM,,,,,,,,,
,15-Jan-25,FALLOW,F,FAWN,18,618 374,PARK FARM FIELD,PM,,,,,,,,,
,15-Jan-25,MUNTJAC,F,DOE,7,618 374,PARK FARM FIELD,PM,,,,,,,,,
,18-Jan-25,MUNTJAC,F,DOE,6,602 395,PLANTATION,AM,,,,,,,,,
,18-Jan-25,FALLOW,F,DOE,31,598 393,OLD QUARRY,PM,,,,,,,,,
,18-Jan-25,MUNTJAC,M,BUCK,6.5,606 397,MIDDLE HILL,PM,,,,,,,,,
,18-Jan-25,MUNTJAC,F,DOE,7,606 397,MIDDLE HILL,PM,,,,,,,,,
,19-Jan-25,FALLOW,M,PRICKET,27,596 389,OLD QUARRY,PM,,,,,,,,,
,21-Jan-25,,,,,,TARRINGTON COMMON,PM,,,,,,,,,
,22-Jan-25,,,,,,PLANTATION,PM,,,,,,,,,
,25 Jam 25,,,,,,DEVERAUX PONDS,PM,,,,,,,,,
,25-Jan-25,MUNTJAC,M,BUCK,13,600 395,PUNCH BOWL,PM,,,,,,,,,
,25-Jan-25,MUNTJAC,F,DOE,8,603 385,THE CASTLE,PM,,,,,,,,,
,25-Jan-25,ROE,F,DOE,12,604 388,PRIORS WOOD,PM,,,,,,,,,
,26-Jan-25,MUNTJAC,F,DOE,8.5,604 390,LOST VALLEY,AM,,,,,,,,,
,26-Jan-25,,,,,,,AM,,,,,,,,,
,26-Jan-25,FALLOW,M,PRICKET,39,607 395,PLANTATION,AM,,,,,,,,,
,26-Jan-25,ROE,F,DOE,17,608 391,PLANTATION,AM,,,,,,,,,
,26-Jan-25,FALLOW,F,DOE,31,600 386,PRIORS WOOD,AM,,,,,,,,,
,26-Jan-25,FALLOW,F,DOE,30,606 383,PRIORS WOOD,AM,,,,,,,,,
,26-Jan-25,MUNTJAC,M,BUCK,5,615 376,DEVERAUX PONDS,AM,,,,,,,,,
,26-Jan-25,ROE,F,DOE,16,625 370,DEVERAUX PONDS,AM,,,,,,,,,
,27-Jan-25,FALLOW,F,DOE,27.5,605 392,PLANTATION,PM,,,,,,,,,
,27-Jan-25,MUNTJAC,F,DOE,7,603 393,PLANTATION,PM,,,,,,,,,
,27-Jan-25,FALLOW,M,BUCK,37,602 399,DEVERAUX PONDS,PM,,,,,,,,,
,27-Jan-25,MUNTJAC,M,BUCK,8,620 369,DEVERAUX PONDS,PM,,,,,,,,,
,30-Jan-25,FALLOW,M,PRICKET,35,606 387,PLANTATION,AM,,,,,,,,,
,31-Jan-25,,,,,,PLANTATION,PM,,,,,,,,,
,31-Jan-25,,,,,,DEVERAUX PONDS,PM,,,,,,,,,
,01-Feb-25,MUNTJAC,M,BUCK,10,604 399,LOST VALLEY,AM,,,,,,,,,
,02-Feb-25,,,,,,STOKE EDITH FIELDS,AM,,,,,,,,,
,02-Feb-25,MUNTJAC,M,BUCK,,611 397,SWILLOW WOOD,AM,,,,,,,,,
,02-Feb-35,FALLOW,M,PRICKET,30,609 398,SWILLOW WOOD,AM,,,,,,,,,
,02-Feb-25,FALLOW,M,FAWN,17,611 397,SWILLOW WOOD,AM,,,,,,,,,
,07-Feb-25,FALLOW,M,FAWN,22,609 385,LITTLE HILL,PM,,,,,,,,,
,07-Feb-25,MUNTJAC,F,DOE,1.5,599 393,OLD QUARRY,PM,,,,,,,,,
,07-Feb-25,FOX,,,,598 394,OLD QUARRY,PM,,,,,,,,,
,08-Feb-25,MUNTJAC,M,BUCK,7,623 363,DEVERAUX PONDS,AM,,,,,,,,,
,08-Feb-25,,,,,,,PM,,,,,,,,,
,09-Feb-25,,,,,,,AM,,,,,,,,,
,09-Feb-25,MUNTJAC,F,DOE,8.5,601 398,PLANTATION,AM,,,,,,,,,
,09-Feb-25,FALLOW,F,DOE,30,599 401,STOKE EDITTH FIELDS,AM,,,,,,,,,
,09-Feb-25,FALLOW,F,DOE,33,599 401,STOKE EDITH FIELDS,AM,,,,,,,,,
,09-Feb-25,FALLOW,M,FAWN,16,601 385,PRIORS WOOD,AM,,,,,,,,,
,15-Feb-25,FALLOW,M,FAWN,19,591 391,TOWER HILL,PM,,,,,,,,,
,16-Feb-25,,,,,,TOWER HILL,PM,,,,,,,,,
,16-Feb-25,,,,,,LEANING TOWER,PM,,,,,,,,,
,16-Feb-25,,,,,,TOWER HILL,AM,,,,,,,,,
,16-Feb-25,,,,,,STOKE EDITH FIELDS,AM,,,,,,,,,
,,,,,,,PLANTATION,,,,,,,,,,
,21-Feb-25,FALLOW,F,DOE,32,589 390,KEEPERS COTTAGE,AM,,,,,,,,,
,21-Feb-25,FALLOW,M,FAWN,27,589 390,KEEPERS COTTAGE,AM,,,,,,,,,
,21-Feb-25,FALLOW,M,BUCK,42,623 363,DEVERAUX PONDS,AM,,,,,,,,,
,21-Feb-25,MUNTJAC,M,BUCK,7,618 395,TARRINGTON COMMON,PM,,,,,,,,,
,21-Feb-25,FALLOW,F,DOE,27,601 392,SPOOKY COTTAGE,PM,,,,,,,,,
,21-Feb-25,ROE,F,DOE,20,606 392,PLANTATION,PM,,,,,,,,,
,22-Feb-25,FALLOW,F,DOE,30.5,599 402,STOKE EDITH FIELDS,AM,,,,,,,,,
,22-Feb-25,FALLOW,F,FAWN,17,599 402,STOKE EDITH FIELDS,AM,,,,,,,,,
,22-Feb-25,FALLOW,M,FAWN,23,584 389,BACKBURY HILL,AM,,,,,,,,,
,22-Feb-25,MUNTJAC,M,BUCK,11,592 389,FRITH WOODS,AM,,,,,,,,,
,22-Feb-25,MUNTJAC,M,BUCK,8,623 366,DEVERAUX PONDS,AM,,,,,,,,,
,22-Feb-25,FOX,,DOG,,623 363,DEVERAUX PONDS,AM,,,,,,,,,
,24-Feb-25,,,,,,DEVERAUX PONDS,PM,,,,,,,,,
,26-Feb-25,,,,,,TOWER HILL,PM,,,,,,,,,
,28-Feb-25,FALLOW,M,YEARLING,25,604 396,PLANTATION,AM,,,,,,,,,
,28-Feb-25,FALLOW,F,YEARLING,18,619 385,COSSINGTON,PM,,,,,,,,,
,28-Feb-25,MUNTJAC,M,BUCK,9,609 391,MIDDLE HILL,PM,,,,,,,,,
,28-Feb-25,FALLOW,M,PRICKET,37,600 397,STALAG HIGHSEAT,PM,,,,,,,,,
,01-Mar-25,FALLOW,F,DOE,35,599 402,STOKE EDITH FIELDS,AM,,,,,,,,,
,01-Mar-25,MUNTJAC,F,DOE,8,609 385,LITTLE HILL,PM,,,,,,,,,
,02-Mar-25,FALLOW,F,DOE,37,618 389,SEAGER HILL ,AM,,,,,,,,,
,02-Mar-25,FALLOW,F,YEARLING,21,618 389,SEAGER HILL ,AM,,,,,,,,,
,02-Mar-25,FALLOW,F,YEARLING,19,618 389,SEAGER HILL ,AM,,,,,,,,,
,02-Mar-25,FALLOW,F,DOE,30,,,AM,,,,,,,,,
,02-Mar-25,FALLOW,F,DOE,29.5,,,AM,,,,,,,,,
,02-Mar-25,MUNTJAC,F,DOE,4,,,AM,,,,,,,,,
,02-Mar-25,FALLOW,M,YEARLING,20,599 402,STOKE EDITH FIELDS,PM,,,,,,,,,
,03-Mar-25,,,,,,FRITH WOODS,PM,,,,,,,,,
,06-Mar-25,,,,,,,PM,,,,,,,,,
,07-Mar-25,,,,,,,PM,,,,,,,,,
,08-Mar-25,,,,,,PLANTATION,AM,,,,,,,,,
,08-Mar-25,,,,,,DEVERAUX PONDS,AM,,,,,,,,,
,13-Mar-25,,,,,,DEVERAUX PONDS,PM,,,,,,,,,
,15-Mar-25,,,,,,DEVERAUX PONDS,AM,,,,,,,,,
,15-Mar-25,FALLOW,F,YEARLING,24,607 394,PLANTATION,AM,,,,,,,,,
,15-Mar-25,MUNTJAC,M,BUCK,12,607 394,PLANTATION,AM,,,,,,,,,
,22-Mar-25,ROE,F,DOE,15,603 395,PLANTATION,PM,,,,,,,,,
,22-Mar-25,FALLOW,F,DOE,32,605 400,PLANTATION,PM,,,,,,,,,
,22-Mar-25,FALLOW,F,DOE,26,605 400,PLANTATION,PM,,,,,,,,,
,22-Mar-25,FALLOW,F,DOE,26,605 398,PLANTATION,PM,,,,,,,,,
,23-Mar-25,,,,,,PLANTATION,PM,,,,,,,,,
,24-Mar-25,,,,,,STOKE EDITH FIELDS,PM,,,,,,,,,
,24-Mar-25,,,,,,DEVERAUX PONDS,PM,,,,,,,,,
,25-Mar-25,FALLOW,M,YEARLING,24,602 394,PLANTATION,PM,,,,,,,,,
,25-Mar-25,MUNTJAC,F,DOE,4,602 394,PLANTATION,PM,,,,,,,,,
,26-Mar-25,FALLOW,M,YEARLING,27,615 391,HIGHNAM FARM,PM,,,,,,,,,
,26-Mar-25,FALLOW,M,PRICKET,41,615 391,HIGHNAM FARM,PM,,,,,,,,,
,26-Mar-25,,,,,,PLANTATION,PM,,,,,,,,,
,26-Mar-25,,,,,,DEVERAUX PONDS,PM,,,,,,,,,
,28-Mar-25,FALLOW,F,DOE,26,591 391,TOWER HILL,AM,,,,,,,,,
,28-Mar-25,MUNTJAC,F,DOE,8.5,591 391,TOWER HILL,AM,,,,,,,,,
,28-Mar-25,FALLOW,M,YEARLING,21,612 396,SWILLOW WOOD,PM,,,,,,,,,
,28-Mar-25,ROE,F,DOE,15,605 385,JURASSIC RIDGE,PM,,,,,,,,,
,29-Mar-25,MUNTJAC,M,DOE,8,621 374,DEVERAUX PONDS,AM,,,,,,,,,
,29-Mar-25,FALLOW,F,DOE,27,621 374,DEVERAUX PONDS,AM,,,,,,,,,
,29-Mar-25,FALLOW,F,YEARLING,20,621 374,DEVERAUX PONDS,AM,,,,,,,,,
,30-Mar-25,FALLOW,M,YEARLING,23,623 371,DEVERAUX PONDS,AM,,,,,,,,,
,30-Mar-25,,,,,,,PM,,,,,,,,,
,30-Mar-25,FALLOW,F,DOE,24,,,PM,,,,,,,,,
,31-Mar-25,MUNTJAC,F,DOE,7,603 402,HIDDEN VALLEY,AM,,,,,,,,,
,31-Mar-25,FALLOW,F,DOE,34,601 385,PRIORS WOOD,PM,,,,,,,,,
,06-Apr-25,,,,,,SWILLOW WOOD,AM,,,,,,,,,
,06-Apr-25,ROE,M,BUCK,16,,PLANTATION,AM,,,,,,,,,
,14-Apr-25,FALLOW,M,YEARLING,23,609 396,STOKE EDITH FIELDS,PM,,,,,,,,,
,14-Apr-25,,,,,,,PM,,,,,,,,,
,17-Apr-25,FALLOW,M,YEARLING,25,618 373,DEVERAUX PONDS,AM,,,,,,,,,
,17-Apr-25,MUNTJAC,M,BUCK,,621 373,DEVERAUX PONDS,AM,,,,,,,,,
,17-Apr-25,MUNTJAC,F,DOE,,616 375,DEVERAUX PONDS,AM,,,,,,,,,
,18-Apr-25,,,,,,SILO,PM,,,,,,,,,
,24-Apr-25,,,,,,STOKE EDITH FIELDS,PM,,,,,,,,,
,26-Apr-25,MUNTJAC,F,DOE,10,608 382,LITTLE HILL,PM,,,,,,,,,
,26-Apr-25,MUNTJAC,F,DOE,2,608 382,LITTLE HILL,PM,,,,,,,,,
,26-Apr-25,MUNTJAC,F,DOE,12,610 387,MIDDLE HILL,PM,,,,,,,,,
,26-Apr-25,MUNTJAC,F,DOE,8,619 389,SEAGER HILL ,PM,,,,,,,,,
,26-Apr-25,MUNTJAC,M,BUCK,10,608 382,LITTLE HILL,PM,,,,,,,,,
,26-Apr-25,MUNTJAC,M,BUCK,9,607 398,PARK COTTAGE,PM,,,,,,,,,
,26-Apr-25,FALLOW,M,YEARLING,28,609 398,STOKE EDITH FIELDS,PM,,,,,,,,,
,27-Apr-25,FALLOW,M,PRICKET,44,619 397,TARRINGTON COMMON,PM,,,,,,,,,
,28-Apr-25,,,,,,PARK FARM FIELD,PM,,,,,,,,,
,30-Apr-25,MUNTJAC,F,DOE,4,603 396,SILO,PM,,,,,,,,,
,01-May-25,MUNTJAC,F,DOE,9,597 390,PLANTATION,PM,,,,,,,,,
,01-May-25,MUNTJAC,M,BUCK,10,600 393,PLANTATION,PM,,,,,,,,,
,03-May-25,MUNTJAC,M,BUCK,4,608 384,MIDDLE HILL,AM,,,,,,,,,
,03-May-25,ROE,M,BUCK,20,608 389,PLANTATION,AM,,,,,,,,,
,03-May-25,,,,,,PLANTATION,PM,,,,,,,,,
,03-May-25,,,,,,The Oval farm,PM,,,,,,,,,
,03-May-25,MUNTJAC,F,DOE,5,608 384,MIDDLE HILL,PM,,,,,,,,,
,03-May-25,MUNTJAC,M,BUCK,6,607 385,LEANING TOWER,PM,,,,,,,,,
,04-May-25,MUNTJAC,F,DOE,5,619 386,COSSINGTON,AM,,,,,,,,,
,04-May-25,FALLOW,M,PRICKET,25,611 382,LITTLE HILL,AM,,,,,,,,,
,09-May-25,MUNTJAC,M,BUCK,11,599 394,PLANTATION,PM,,,,,,,,,
,11-May-25,MUNTJAC,F,DOE,8,,LOST VALLEY,AM,,,,,,,,,
,11-May-25,MUNTJAC,F,DOE,7.5,,LOST VALLEY,AM,,,,,,,,,
,10-May-25,,,,,,,AM,,,,,,,,,
,11-May-25,MUNTJAC,F,DOE,5,602 387,PRIORS WOOD,AM,,,,,,,,,
,23-May-25,,,,,,,PM,,,,,,,,,
,24-May-25,,,,,,,PM,,,,,,,,,
,26-May-25,,,,,,,PM,,,,,,,,,
,29-May-25,MUNTJAC,M,BUCK,10,6065 3922,PLANTATION,PM,,,,,,,,,
,01-Jun-25,,,,,,,PM,,,,,,,,,
,04-Jun-25,,,,,,PLANTATION,PM,,,,,,,,,
,08-Jun-25,MUNTJAC,M,BUCK,11,608 383,NEIGHBROOKS,AM,,,,,,,,,
,08-Jun-25,,,,,,,AM,,,,,,,,,
,13-Jun-25,,,,,,,PM,,,,,,,,,
,21-Jun-25,MUNTJAC,M,BUCK,8,607 384,MIDDLE HILL,AM,,,,,,,,,
,21-Jun-25,,,,,,PLANTATION,AM,,,,,,,,,
,22-Jun-25,FOX,,,,605 388,GRALLOUCH STATION,PM,,,,,,,,,
,22-Jun-25,MUNTJAC,F,DOE ,7,603 397,SILO SEAT,PM,,,,,,,,,
,22-Jun-25,,,,,,SPOOKY COTTAGE,PM,,,,,,,,,
,29-Jun-25,,,,,,PLANTATION,PM,,,,,,,,,
,29-Jun-25,,,,,,STOKE EDITH FIELDS,PM,,,,,,,,,
,29-Jun-25,MUNTJAC,M,BUCK,10,623 367,DEVERAUX PONDS,PM,,,,,,,,,
,01-Jul-25,,,,,,PLANTATION,PM,,,,,,,,,
,06-Jul-25,FOX,,,,,MIDDLE HILL,PM,,,,,,,,,
,06-Jul-25,FOX,,,,,MIDDLE HILL,PM,,,,,,,,,
,06-Jul-25,FOX,,,,,MIDDLE HILL,PM,,,,,,,,,
,08-Jul-25,MUNTJAC,F,DOE,9,603 396,PLANTATION,PM,,,,,,,,,
,08-Jul-25,MUNTJAC,F,DOE,6,603 396,PLANTATION,PM,,,,,,,,,
,09-Jul-25,FOX,,,,,MIDDLE HILL,PM,,,,,,,,,
,09-Jul-25,FOX,,,,,MIDDLE HILL,PM,,,,,,,,,
,12-Jul-25,,,,,,PLANTATION,AM,,,,,,,,,
,12-Jul-25,,,,,,LOST VALLEY,AM,,,,,,,,,
,12-Jul-25,ROE,M,BUCK,,617 382,PENTELOE POND,PM,,,,,,,,,
,12-Jul-25,FOX,,,,604 400,,PM,,,,,,,,,
,12-Jul-25,FOX,,,,604 400,,PM,,,,,,,,,
,12-Jul-25,FOX,,,,604 400,,PM,,,,,,,,,
,16-Jul-25,MUNTJAC,M,BUCK,,603 395,PLANTATION,PM,,,,,,,,,
,16-Jul-25,,,,,,,PM,,,,,,,,,
,20-Jul-25,MUNTJAC,F,DOE,,612 399,SWILLOW WOOD,PM,,,,,,,,,
,27-Jul-25,MUNTJAC,M,BUCK,,600 401,PERTON PARK,AM,,,,,,,,,
,27-Jul-25,MUNTJAC,F,DOE,,605 407,STOKE EDITH CHURCH,AM,,,,,,,,,
,31-Jul-25,,,,,,TARRINGTON COMMON,PM,,,,,,,,,
,02-Aug-25,,,,,,DEVERAUX PONDS,AM,,,,,,,,,
,04-Aug-25,,,,,,STOKE EDITH FIELDS,PM,,,,,,,,,
,04-Aug-25,ROE,M,BUCK,,609 390,SHEEPCOTE HILL,PM,,,,,,,,,
,,,,,,,,,,,,,,,,,
,,,,,,,,,,,,,,,,,
,,,,,,,,,,,,,,,,,
,,,,,,,,,,,,,,,,,
,,,,,,,,,,,,,,,,,
,,,,,,,,,,,,,,,,,
,,,,,,,,,,,,,,,,,
,,,,,,,,,,,,,,,,,
,,,,,,,,,,,,,,,,,
,,,,,,,,,,,,,,,,,
,,,,,,,,,,,,,,,,,
,,,,,,,,,,,,,,,,,
,,,,,,,,,,,,,,,,,
,,,,,,,,,,,,,,,,,
,,,,,,,,,,,,,,,,,
,,,,,,,,,,,,,,,,,
,,,,,,,,,,,,,,,,,
,,,,,,,,,,,,,,,,,
,,,,,,,,,,,,,,,,,
,,,,,,,,,,,,,,,,,
,,,,,,,,,,,,,,,,,
,,,,,,,,,,,,,,,,,
,,,,,,,,,,,,,,,,,
,,,,,,,,,,,,,,,,,
,,,,,,,,,,,,,,,,,
,,,,,,,,,,,,,,,,,
,,,,,,,,,,,,,,,,,
,,,,,,,,,,,,,,,,,
,,,,,,,,,,,,,,,,,